﻿{"cameraMode":{"drawMode":0,"name":"Shaded","section":"Shading Mode"},"sceneLighting":true,"audioPlay":false,"sceneViewState":{"showFog":true,"showMaterialUpdate":false,"showSkybox":true,"showFlares":true,"showImageEffects":true,"showParticleSystems":true},"in2DMode":false,"pivot":{"x":1.22144615650177,"y":10.665426254272461,"z":-2.0630292892456056},"rotation":{"x":-0.4092334508895874,"y":0.027119768783450128,"z":-0.012168875895440579,"w":-0.9119454622268677},"size":18.441556930541993,"orthographic":false}