﻿{"cameraMode":{"drawMode":0,"name":"Shaded","section":"Shading Mode"},"sceneLighting":false,"audioPlay":false,"sceneViewState":{"showFog":true,"showMaterialUpdate":false,"showSkybox":false,"showFlares":true,"showImageEffects":true,"showParticleSystems":true},"in2DMode":false,"pivot":{"x":-0.8052573204040527,"y":2.0533034801483156,"z":-1.51461923122406},"rotation":{"x":-0.08794206380844116,"y":0.831986129283905,"z":-0.13802292943000794,"w":-0.5301084518432617},"size":18.050390243530275,"orthographic":false}