﻿{"cameraMode":{"drawMode":0,"name":"Shaded","section":"Shading Mode"},"sceneLighting":true,"audioPlay":false,"sceneViewState":{"showFog":true,"showMaterialUpdate":false,"showSkybox":true,"showFlares":true,"showImageEffects":true,"showParticleSystems":true},"in2DMode":false,"pivot":{"x":-1.905709147453308,"y":1.9680097103118897,"z":0.8406215906143189},"rotation":{"x":-0.05702371150255203,"y":0.6468940377235413,"z":-0.0486082024872303,"w":-0.7588897943496704},"size":107.10885620117188,"orthographic":false}